name,username,email,phone,idUser,isActive
lea,leasa,lea@gmail.com,123123,1,1
lea,teasa,lea@gmail.com,123123,3,1
lea,keasa,lea@gmail.com,123123,5,1
lea,keaisa,lea@gmail.com,123123,6,1
lea,kegfaisa,lea@gmail.com,123123,8,1
lea,kegjgkfaisa,lea@gmail.com,123123,9,1
lea,kegjtrgkfaisa,lea@gmail.com,123123,10,1
lea,kegjtrgkfdvfaisa,lea@gmail.com,123123,12,1
lea,kegjtrgkfdvfdvfaisa,lea@gmail.com,123123,13,1
lea,kegfdvfaisa,lea@gmail.com,123123,14,1
lea,kegfdvfsa,lea@gmail.com,123123,16,1
lea,kegfmkkdvfsa,lea@gmail.com,123123,18,1
lea,kegsa,lea@gmail.com,123123,20,1
fv,fdv,hfgjh@gmail.com,5687,21,1
yy,rt,drtfg@gmail.com,444,22,1
hj,hj,hj@gmail.com,77,23,1
a,a,a@a.com,6578,24,1
g,g,g@gmail.com,769,25,1
q,q,q@gmail.com,74547374,27,1
q,w,q@gmail.com,2355,28,1
s,s,s@gmail.com,5342,29,1
d,d,d@gmail.com,5847,30,1
